{"cameraMode":{"drawMode":0,"name":"Shaded","section":"Shading Mode"},"sceneLighting":true,"audioPlay":false,"sceneViewState":{"m_AlwaysRefresh":false,"showFog":true,"showSkybox":true,"showFlares":true,"showImageEffects":true,"showParticleSystems":true,"showVisualEffectGraphs":true,"m_FxEnabled":true},"in2DMode":false,"pivot":{"x":80.08151245117188,"y":14.908897399902344,"z":142.18740844726563},"rotation":{"x":0.006067839916795492,"y":0.9864944219589233,"z":-0.16001573204994203,"w":0.036976639181375507},"size":161.9541015625,"orthographic":false}